[
	{
		"name": "Aragac̣otn",
		"code": "AM-AG"
	},
	{
		"name": "Ararat",
		"code": "AM-AR"
	},
	{
		"name": "Armavir",
		"code": "AM-AV"
	},
	{
		"name": "Erevan",
		"code": "AM-ER"
	},
	{
		"name": "Geġark'unik'",
		"code": "AM-GR"
	},
	{
		"name": "Kotayk'",
		"code": "AM-KT"
	},
	{
		"name": "Loṙi",
		"code": "AM-LO"
	},
	{
		"name": "Syunik'",
		"code": "AM-SU"
	},
	{
		"name": "Tavuš",
		"code": "AM-TV"
	},
	{
		"name": "Vayoć Jor",
		"code": "AM-VD"
	},
	{
		"name": "Širak",
		"code": "AM-SH"
	}
]