[
	{
		"name": "Ad Daqahlīyah",
		"code": "EG-DK"
	},
	{
		"name": "Al Baḩr al Aḩmar",
		"code": "EG-BA"
	},
	{
		"name": "Al Buḩayrah",
		"code": "EG-BH"
	},
	{
		"name": "Al Fayyūm",
		"code": "EG-FYM"
	},
	{
		"name": "Al Gharbīyah",
		"code": "EG-GH"
	},
	{
		"name": "Al Iskandarīyah",
		"code": "EG-ALX"
	},
	{
		"name": "Al Ismāٰīlīyah",
		"code": "EG-IS"
	},
	{
		"name": "Al Jīzah",
		"code": "EG-GZ"
	},
	{
		"name": "Al Minyā",
		"code": "EG-MN"
	},
	{
		"name": "Al Minūfīyah",
		"code": "EG-MNF"
	},
	{
		"name": "Al Qalyūbīyah",
		"code": "EG-KB"
	},
	{
		"name": "Al Qāhirah",
		"code": "EG-C"
	},
	{
		"name": "Al Uqşur",
		"code": "EG-LX"
	},
	{
		"name": "Al Wādī al Jadīd",
		"code": "EG-WAD"
	},
	{
		"name": "As Suways",
		"code": "EG-SUZ"
	},
	{
		"name": "As Sādis min Uktūbar",
		"code": "EG-SU"
	},
	{
		"name": "Ash Sharqīyah",
		"code": "EG-SHR"
	},
	{
		"name": "Aswān",
		"code": "EG-ASN"
	},
	{
		"name": "Asyūţ",
		"code": "EG-AST"
	},
	{
		"name": "Banī Suwayf",
		"code": "EG-BNS"
	},
	{
		"name": "Būr Saٰīd",
		"code": "EG-PTS"
	},
	{
		"name": "Dumyāţ",
		"code": "EG-DT"
	},
	{
		"name": "Janūb Sīnā'",
		"code": "EG-JS"
	},
	{
		"name": "Kafr ash Shaykh",
		"code": "EG-KFS"
	},
	{
		"name": "Maţrūḩ",
		"code": "EG-MT"
	},
	{
		"name": "Qinā",
		"code": "EG-KN"
	},
	{
		"name": "Shamāl Sīnā'",
		"code": "EG-SIN"
	},
	{
		"name": "Sūhāj",
		"code": "EG-SHG"
	},
	{
		"name": "Ḩulwān",
		"code": "EG-HU"
	}
]