[
	{
		"name": "Bīnshangul Gumuz",
		"code": "ET-BE"
	},
	{
		"name": "Dirē Dawa",
		"code": "ET-DD"
	},
	{
		"name": "Gambēla Hizboch",
		"code": "ET-GA"
	},
	{
		"name": "Hārerī Hizb",
		"code": "ET-HA"
	},
	{
		"name": "Oromīya",
		"code": "ET-OR"
	},
	{
		"name": "Sumalē",
		"code": "ET-SO"
	},
	{
		"name": "Tigray",
		"code": "ET-TI"
	},
	{
		"name": "YeDebub Bihēroch Bihēreseboch na Hizboch",
		"code": "ET-SN"
	},
	{
		"name": "Ādīs Ābeba",
		"code": "ET-AA"
	},
	{
		"name": "Āfar",
		"code": "ET-AF"
	},
	{
		"name": "Āmara",
		"code": "ET-AM"
	}
]