[
	{
		"name": "Alborz",
		"code": "IR-32"
	},
	{
		"name": "Ardabīl",
		"code": "IR-03"
	},
	{
		"name": "Būshehr",
		"code": "IR-06"
	},
	{
		"name": "Chahār Maḩāll va Bakhtīārī",
		"code": "IR-08"
	},
	{
		"name": "Eşfahān",
		"code": "IR-04"
	},
	{
		"name": "Fārs",
		"code": "IR-14"
	},
	{
		"name": "Golestān",
		"code": "IR-27"
	},
	{
		"name": "Gīlān",
		"code": "IR-19"
	},
	{
		"name": "Hamadān",
		"code": "IR-24"
	},
	{
		"name": "Hormozgān",
		"code": "IR-23"
	},
	{
		"name": "Kermān",
		"code": "IR-15"
	},
	{
		"name": "Kermānshāh",
		"code": "IR-17"
	},
	{
		"name": "Khorāsān-e Janūbī",
		"code": "IR-29"
	},
	{
		"name": "Khorāsān-e Razavī",
		"code": "IR-30"
	},
	{
		"name": "Khorāsān-e Shemālī",
		"code": "IR-31"
	},
	{
		"name": "Khūzestān",
		"code": "IR-10"
	},
	{
		"name": "Kohgīlūyeh va Būyer Aḩmad",
		"code": "IR-18"
	},
	{
		"name": "Kordestān",
		"code": "IR-16"
	},
	{
		"name": "Lorestān",
		"code": "IR-20"
	},
	{
		"name": "Markazī",
		"code": "IR-22"
	},
	{
		"name": "Māzandarān",
		"code": "IR-21"
	},
	{
		"name": "Qazvīn",
		"code": "IR-28"
	},
	{
		"name": "Qom",
		"code": "IR-26"
	},
	{
		"name": "Semnān",
		"code": "IR-12"
	},
	{
		"name": "Sīstān va Balūchestān",
		"code": "IR-13"
	},
	{
		"name": "Tehrān",
		"code": "IR-07"
	},
	{
		"name": "Yazd",
		"code": "IR-25"
	},
	{
		"name": "Zanjān",
		"code": "IR-11"
	},
	{
		"name": "Āz̄arbāyjān-e Gharbī",
		"code": "IR-02"
	},
	{
		"name": "Āz̄arbāyjān-e Sharqī",
		"code": "IR-01"
	},
	{
		"name": "Īlām",
		"code": "IR-05"
	}
]