[
	{
		"name": "Al Balqā'",
		"code": "JO-BA"
	},
	{
		"name": "Al ʽAqabah",
		"code": "JO-AQ"
	},
	{
		"name": "Az Zarqā'",
		"code": "JO-AZ"
	},
	{
		"name": "Aţ Ţafīlah",
		"code": "JO-AT"
	},
	{
		"name": "Irbid",
		"code": "JO-IR"
	},
	{
		"name": "Jerash",
		"code": "JO-JA"
	},
	{
		"name": "Karak",
		"code": "JO-KA"
	},
	{
		"name": "Ma'ān",
		"code": "JO-MN"
	},
	{
		"name": "Mafraq",
		"code": "JO-MA"
	},
	{
		"name": "Mādabā",
		"code": "JO-MD"
	},
	{
		"name": "ʽAjlūn",
		"code": "JO-AJ"
	},
	{
		"name": "‘Ammān",
		"code": "JO-AM"
	}
]