[
	{
		"name": "Abia",
		"code": "NG-AB"
	},
	{
		"name": "Abuja Federal Capital Territory",
		"code": "NG-FC"
	},
	{
		"name": "Adamawa",
		"code": "NG-AD"
	},
	{
		"name": "Akwa Ibom",
		"code": "NG-AK"
	},
	{
		"name": "Anambra",
		"code": "NG-AN"
	},
	{
		"name": "Bauchi",
		"code": "NG-BA"
	},
	{
		"name": "Bayelsa",
		"code": "NG-BY"
	},
	{
		"name": "Benue",
		"code": "NG-BE"
	},
	{
		"name": "Borno",
		"code": "NG-BO"
	},
	{
		"name": "Cross River",
		"code": "NG-CR"
	},
	{
		"name": "Delta",
		"code": "NG-DE"
	},
	{
		"name": "Ebonyi",
		"code": "NG-EB"
	},
	{
		"name": "Edo",
		"code": "NG-ED"
	},
	{
		"name": "Ekiti",
		"code": "NG-EK"
	},
	{
		"name": "Enugu",
		"code": "NG-EN"
	},
	{
		"name": "Gombe",
		"code": "NG-GO"
	},
	{
		"name": "Imo",
		"code": "NG-IM"
	},
	{
		"name": "Jigawa",
		"code": "NG-JI"
	},
	{
		"name": "Kaduna",
		"code": "NG-KD"
	},
	{
		"name": "Kano",
		"code": "NG-KN"
	},
	{
		"name": "Katsina",
		"code": "NG-KT"
	},
	{
		"name": "Kebbi",
		"code": "NG-KE"
	},
	{
		"name": "Kogi",
		"code": "NG-KO"
	},
	{
		"name": "Kwara",
		"code": "NG-KW"
	},
	{
		"name": "Lagos",
		"code": "NG-LA"
	},
	{
		"name": "Nassarawa",
		"code": "NG-NA"
	},
	{
		"name": "Niger",
		"code": "NG-NI"
	},
	{
		"name": "Ogun",
		"code": "NG-OG"
	},
	{
		"name": "Ondo",
		"code": "NG-ON"
	},
	{
		"name": "Osun",
		"code": "NG-OS"
	},
	{
		"name": "Oyo",
		"code": "NG-OY"
	},
	{
		"name": "Plateau",
		"code": "NG-PL"
	},
	{
		"name": "Rivers",
		"code": "NG-RI"
	},
	{
		"name": "Sokoto",
		"code": "NG-SO"
	},
	{
		"name": "Taraba",
		"code": "NG-TA"
	},
	{
		"name": "Yobe",
		"code": "NG-YO"
	},
	{
		"name": "Zamfara",
		"code": "NG-ZA"
	}
]