[
	{
		"name": "Aimeliik",
		"code": "PW-002"
	},
	{
		"name": "Airai",
		"code": "PW-004"
	},
	{
		"name": "Angaur",
		"code": "PW-010"
	},
	{
		"name": "Hatobohei",
		"code": "PW-050"
	},
	{
		"name": "Kayangel",
		"code": "PW-100"
	},
	{
		"name": "Koror",
		"code": "PW-150"
	},
	{
		"name": "Melekeok",
		"code": "PW-212"
	},
	{
		"name": "Ngaraard",
		"code": "PW-214"
	},
	{
		"name": "Ngarchelong",
		"code": "PW-218"
	},
	{
		"name": "Ngardmau",
		"code": "PW-222"
	},
	{
		"name": "Ngatpang",
		"code": "PW-224"
	},
	{
		"name": "Ngchesar",
		"code": "PW-226"
	},
	{
		"name": "Ngeremlengui",
		"code": "PW-227"
	},
	{
		"name": "Ngiwal",
		"code": "PW-228"
	},
	{
		"name": "Peleliu",
		"code": "PW-350"
	},
	{
		"name": "Sonsorol",
		"code": "PW-370"
	}
]