[
	{
		"name": "Al Bāḩah",
		"code": "SA-11"
	},
	{
		"name": "Al Jawf",
		"code": "SA-12"
	},
	{
		"name": "Al Madīnah",
		"code": "SA-03"
	},
	{
		"name": "Al Qaşīm",
		"code": "SA-05"
	},
	{
		"name": "Al Ḩudūd ash Shamālīyah",
		"code": "SA-08"
	},
	{
		"name": "Ar Riyāḑ",
		"code": "SA-01"
	},
	{
		"name": "Ash Sharqīyah",
		"code": "SA-04"
	},
	{
		"name": "Jīzān",
		"code": "SA-09"
	},
	{
		"name": "Makkah",
		"code": "SA-02"
	},
	{
		"name": "Najrān",
		"code": "SA-10"
	},
	{
		"name": "Tabūk",
		"code": "SA-07"
	},
	{
		"name": "ٰĀsīr",
		"code": "SA-14"
	},
	{
		"name": "Ḩā'il",
		"code": "SA-06"
	}
]