[
	{
		"name": "Al Lādhiqīyah",
		"code": "SY-LA"
	},
	{
		"name": "Al Qunayţirah",
		"code": "SY-QU"
	},
	{
		"name": "Al Ḩasakah",
		"code": "SY-HA"
	},
	{
		"name": "Ar Raqqah",
		"code": "SY-RA"
	},
	{
		"name": "As Suwaydā'",
		"code": "SY-SU"
	},
	{
		"name": "Darٰā",
		"code": "SY-DR"
	},
	{
		"name": "Dayr az Zawr",
		"code": "SY-DY"
	},
	{
		"name": "Dimashq",
		"code": "SY-DI"
	},
	{
		"name": "Idlib",
		"code": "SY-ID"
	},
	{
		"name": "Rīf Dimashq",
		"code": "SY-RD"
	},
	{
		"name": "Ţarţūs",
		"code": "SY-TA"
	},
	{
		"name": "Ḩalab",
		"code": "SY-HL"
	},
	{
		"name": "Ḩamāh",
		"code": "SY-HM"
	},
	{
		"name": "Ḩimş",
		"code": "SY-HI"
	}
]