[
	{
		"name": "Barking and Dagenham",
		"code": "GB-BDG",
		"subdivision": "London borough"
	},
	{
		"name": "Barnet",
		"code": "GB-BNE",
		"subdivision": "London borough"
	},
	{
		"name": "Bexley",
		"code": "GB-BEX",
		"subdivision": "London borough"
	},
	{
		"name": "Brent",
		"code": "GB-BEN",
		"subdivision": "London borough"
	},
	{
		"name": "Bromley",
		"code": "GB-BRY",
		"subdivision": "London borough"
	},
	{
		"name": "Camden",
		"code": "GB-CMD",
		"subdivision": "London borough"
	},
	{
		"name": "Croydon",
		"code": "GB-CRY",
		"subdivision": "London borough"
	},
	{
		"name": "Ealing",
		"code": "GB-EAL",
		"subdivision": "London borough"
	},
	{
		"name": "Enfield",
		"code": "GB-ENF",
		"subdivision": "London borough"
	},
	{
		"name": "Greenwich",
		"code": "GB-GRE",
		"subdivision": "London borough"
	},
	{
		"name": "Hackney",
		"code": "GB-HCK",
		"subdivision": "London borough"
	},
	{
		"name": "Hammersmith and Fulham",
		"code": "GB-HMF",
		"subdivision": "London borough"
	},
	{
		"name": "Haringey",
		"code": "GB-HRY",
		"subdivision": "London borough"
	},
	{
		"name": "Harrow",
		"code": "GB-HRW",
		"subdivision": "London borough"
	},
	{
		"name": "Havering",
		"code": "GB-HAV",
		"subdivision": "London borough"
	},
	{
		"name": "Hillingdon",
		"code": "GB-HIL",
		"subdivision": "London borough"
	},
	{
		"name": "Hounslow",
		"code": "GB-HNS",
		"subdivision": "London borough"
	},
	{
		"name": "Islington",
		"code": "GB-ISL",
		"subdivision": "London borough"
	},
	{
		"name": "Kensington and Chelsea",
		"code": "GB-KEC",
		"subdivision": "London borough"
	},
	{
		"name": "Kingston upon Thames",
		"code": "GB-KTT",
		"subdivision": "London borough"
	},
	{
		"name": "Lambeth",
		"code": "GB-LBH",
		"subdivision": "London borough"
	},
	{
		"name": "Lewisham",
		"code": "GB-LEW",
		"subdivision": "London borough"
	},
	{
		"name": "Merton",
		"code": "GB-MRT",
		"subdivision": "London borough"
	},
	{
		"name": "Newham",
		"code": "GB-NWM",
		"subdivision": "London borough"
	},
	{
		"name": "Redbridge",
		"code": "GB-RDB",
		"subdivision": "London borough"
	},
	{
		"name": "Richmond upon Thames",
		"code": "GB-RIC",
		"subdivision": "London borough"
	},
	{
		"name": "Southwark",
		"code": "GB-SWK",
		"subdivision": "London borough"
	},
	{
		"name": "Sutton",
		"code": "GB-STN",
		"subdivision": "London borough"
	},
	{
		"name": "Tower Hamlets",
		"code": "GB-TWH",
		"subdivision": "London borough"
	},
	{
		"name": "Waltham Forest",
		"code": "GB-WFT",
		"subdivision": "London borough"
	},
	{
		"name": "Wandsworth",
		"code": "GB-WND",
		"subdivision": "London borough"
	},
	{
		"name": "Westminster",
		"code": "GB-WSM",
		"subdivision": "London borough"
	},
	{
		"name": "England and Wales",
		"code": "GB-EAW",
		"subdivision": "Nation"
	},
	{
		"name": "Great Britain",
		"code": "GB-GBN",
		"subdivision": "Nation"
	},
	{
		"name": "United Kingdom",
		"code": "GB-UKM",
		"subdivision": "Nation"
	},
	{
		"name": "London, City of",
		"code": "GB-LND",
		"subdivision": "city corporation"
	},
	{
		"name": "Aberdeen City",
		"code": "GB-ABE",
		"subdivision": "council area"
	},
	{
		"name": "Aberdeenshire",
		"code": "GB-ABD",
		"subdivision": "council area"
	},
	{
		"name": "Angus",
		"code": "GB-ANS",
		"subdivision": "council area"
	},
	{
		"name": "Argyll and Bute",
		"code": "GB-AGB",
		"subdivision": "council area"
	},
	{
		"name": "Clackmannanshire",
		"code": "GB-CLK",
		"subdivision": "council area"
	},
	{
		"name": "Dumfries and Galloway",
		"code": "GB-DGY",
		"subdivision": "council area"
	},
	{
		"name": "Dundee City",
		"code": "GB-DND",
		"subdivision": "council area"
	},
	{
		"name": "East Ayrshire",
		"code": "GB-EAY",
		"subdivision": "council area"
	},
	{
		"name": "East Dunbartonshire",
		"code": "GB-EDU",
		"subdivision": "council area"
	},
	{
		"name": "East Lothian",
		"code": "GB-ELN",
		"subdivision": "council area"
	},
	{
		"name": "East Renfrewshire",
		"code": "GB-ERW",
		"subdivision": "council area"
	},
	{
		"name": "Edinburgh, City of",
		"code": "GB-EDH",
		"subdivision": "council area"
	},
	{
		"name": "Eilean Siar",
		"code": "GB-ELS",
		"subdivision": "council area"
	},
	{
		"name": "Falkirk",
		"code": "GB-FAL",
		"subdivision": "council area"
	},
	{
		"name": "Fife",
		"code": "GB-FIF",
		"subdivision": "council area"
	},
	{
		"name": "Glasgow City",
		"code": "GB-GLG",
		"subdivision": "council area"
	},
	{
		"name": "Highland",
		"code": "GB-HLD",
		"subdivision": "council area"
	},
	{
		"name": "Inverclyde",
		"code": "GB-IVC",
		"subdivision": "council area"
	},
	{
		"name": "Midlothian",
		"code": "GB-MLN",
		"subdivision": "council area"
	},
	{
		"name": "Moray",
		"code": "GB-MRY",
		"subdivision": "council area"
	},
	{
		"name": "North Ayrshire",
		"code": "GB-NAY",
		"subdivision": "council area"
	},
	{
		"name": "North Lanarkshire",
		"code": "GB-NLK",
		"subdivision": "council area"
	},
	{
		"name": "Orkney Islands",
		"code": "GB-ORK",
		"subdivision": "council area"
	},
	{
		"name": "Perth and Kinross",
		"code": "GB-PKN",
		"subdivision": "council area"
	},
	{
		"name": "Renfrewshire",
		"code": "GB-RFW",
		"subdivision": "council area"
	},
	{
		"name": "Scottish Borders, The",
		"code": "GB-SCB",
		"subdivision": "council area"
	},
	{
		"name": "Shetland Islands",
		"code": "GB-ZET",
		"subdivision": "council area"
	},
	{
		"name": "South Ayrshire",
		"code": "GB-SAY",
		"subdivision": "council area"
	},
	{
		"name": "South Lanarkshire",
		"code": "GB-SLK",
		"subdivision": "council area"
	},
	{
		"name": "Stirling",
		"code": "GB-STG",
		"subdivision": "council area"
	},
	{
		"name": "West Dunbartonshire",
		"code": "GB-WDU",
		"subdivision": "council area"
	},
	{
		"name": "West Lothian",
		"code": "GB-WLN",
		"subdivision": "council area"
	},
	{
		"name": "England",
		"code": "GB-ENG",
		"subdivision": "country"
	},
	{
		"name": "Scotland",
		"code": "GB-SCT",
		"subdivision": "country"
	},
	{
		"name": "Wales",
		"code": "GB-WLS",
		"subdivision": "country"
	},
	{
		"name": "Antrim",
		"code": "GB-ANT",
		"subdivision": "district council area"
	},
	{
		"name": "Ards",
		"code": "GB-ARD",
		"subdivision": "district council area"
	},
	{
		"name": "Armagh",
		"code": "GB-ARM",
		"subdivision": "district council area"
	},
	{
		"name": "Ballymena",
		"code": "GB-BLA",
		"subdivision": "district council area"
	},
	{
		"name": "Ballymoney",
		"code": "GB-BLY",
		"subdivision": "district council area"
	},
	{
		"name": "Banbridge",
		"code": "GB-BNB",
		"subdivision": "district council area"
	},
	{
		"name": "Belfast",
		"code": "GB-BFS",
		"subdivision": "district council area"
	},
	{
		"name": "Carrickfergus",
		"code": "GB-CKF",
		"subdivision": "district council area"
	},
	{
		"name": "Castlereagh",
		"code": "GB-CSR",
		"subdivision": "district council area"
	},
	{
		"name": "Coleraine",
		"code": "GB-CLR",
		"subdivision": "district council area"
	},
	{
		"name": "Cookstown",
		"code": "GB-CKT",
		"subdivision": "district council area"
	},
	{
		"name": "Craigavon",
		"code": "GB-CGV",
		"subdivision": "district council area"
	},
	{
		"name": "Derry",
		"code": "GB-DRY",
		"subdivision": "district council area"
	},
	{
		"name": "Down",
		"code": "GB-DOW",
		"subdivision": "district council area"
	},
	{
		"name": "Dungannon and South Tyrone",
		"code": "GB-DGN",
		"subdivision": "district council area"
	},
	{
		"name": "Fermanagh",
		"code": "GB-FER",
		"subdivision": "district council area"
	},
	{
		"name": "Larne",
		"code": "GB-LRN",
		"subdivision": "district council area"
	},
	{
		"name": "Limavady",
		"code": "GB-LMV",
		"subdivision": "district council area"
	},
	{
		"name": "Lisburn",
		"code": "GB-LSB",
		"subdivision": "district council area"
	},
	{
		"name": "Magherafelt",
		"code": "GB-MFT",
		"subdivision": "district council area"
	},
	{
		"name": "Moyle",
		"code": "GB-MYL",
		"subdivision": "district council area"
	},
	{
		"name": "Newry and Mourne District",
		"code": "GB-NYM",
		"subdivision": "district council area"
	},
	{
		"name": "Newtownabbey",
		"code": "GB-NTA",
		"subdivision": "district council area"
	},
	{
		"name": "North Down",
		"code": "GB-NDN",
		"subdivision": "district council area"
	},
	{
		"name": "Omagh",
		"code": "GB-OMH",
		"subdivision": "district council area"
	},
	{
		"name": "Strabane",
		"code": "GB-STB",
		"subdivision": "district council area"
	},
	{
		"name": "Barnsley",
		"code": "GB-BNS",
		"subdivision": "metropolitan district"
	},
	{
		"name": "Birmingham",
		"code": "GB-BIR",
		"subdivision": "metropolitan district"
	},
	{
		"name": "Bolton",
		"code": "GB-BOL",
		"subdivision": "metropolitan district"
	},
	{
		"name": "Bradford",
		"code": "GB-BRD",
		"subdivision": "metropolitan district"
	},
	{
		"name": "Bury",
		"code": "GB-BUR",
		"subdivision": "metropolitan district"
	},
	{
		"name": "Calderdale",
		"code": "GB-CLD",
		"subdivision": "metropolitan district"
	},
	{
		"name": "Coventry",
		"code": "GB-COV",
		"subdivision": "metropolitan district"
	},
	{
		"name": "Doncaster",
		"code": "GB-DNC",
		"subdivision": "metropolitan district"
	},
	{
		"name": "Dudley",
		"code": "GB-DUD",
		"subdivision": "metropolitan district"
	},
	{
		"name": "Gateshead",
		"code": "GB-GAT",
		"subdivision": "metropolitan district"
	},
	{
		"name": "Kirklees",
		"code": "GB-KIR",
		"subdivision": "metropolitan district"
	},
	{
		"name": "Knowsley",
		"code": "GB-KWL",
		"subdivision": "metropolitan district"
	},
	{
		"name": "Leeds",
		"code": "GB-LDS",
		"subdivision": "metropolitan district"
	},
	{
		"name": "Liverpool",
		"code": "GB-LIV",
		"subdivision": "metropolitan district"
	},
	{
		"name": "Manchester",
		"code": "GB-MAN",
		"subdivision": "metropolitan district"
	},
	{
		"name": "Newcastle upon Tyne",
		"code": "GB-NET",
		"subdivision": "metropolitan district"
	},
	{
		"name": "North Tyneside",
		"code": "GB-NTY",
		"subdivision": "metropolitan district"
	},
	{
		"name": "Oldham",
		"code": "GB-OLD",
		"subdivision": "metropolitan district"
	},
	{
		"name": "Rochdale",
		"code": "GB-RCH",
		"subdivision": "metropolitan district"
	},
	{
		"name": "Rotherham",
		"code": "GB-ROT",
		"subdivision": "metropolitan district"
	},
	{
		"name": "Salford",
		"code": "GB-SLF",
		"subdivision": "metropolitan district"
	},
	{
		"name": "Sandwell",
		"code": "GB-SAW",
		"subdivision": "metropolitan district"
	},
	{
		"name": "Sefton",
		"code": "GB-SFT",
		"subdivision": "metropolitan district"
	},
	{
		"name": "Sheffield",
		"code": "GB-SHF",
		"subdivision": "metropolitan district"
	},
	{
		"name": "Solihull",
		"code": "GB-SOL",
		"subdivision": "metropolitan district"
	},
	{
		"name": "South Tyneside",
		"code": "GB-STY",
		"subdivision": "metropolitan district"
	},
	{
		"name": "St. Helens",
		"code": "GB-SHN",
		"subdivision": "metropolitan district"
	},
	{
		"name": "Stockport",
		"code": "GB-SKP",
		"subdivision": "metropolitan district"
	},
	{
		"name": "Sunderland",
		"code": "GB-SND",
		"subdivision": "metropolitan district"
	},
	{
		"name": "Tameside",
		"code": "GB-TAM",
		"subdivision": "metropolitan district"
	},
	{
		"name": "Trafford",
		"code": "GB-TRF",
		"subdivision": "metropolitan district"
	},
	{
		"name": "Wakefield",
		"code": "GB-WKF",
		"subdivision": "metropolitan district"
	},
	{
		"name": "Walsall",
		"code": "GB-WLL",
		"subdivision": "metropolitan district"
	},
	{
		"name": "Wigan",
		"code": "GB-WGN",
		"subdivision": "metropolitan district"
	},
	{
		"name": "Wirral",
		"code": "GB-WRL",
		"subdivision": "metropolitan district"
	},
	{
		"name": "Wolverhampton",
		"code": "GB-WLV",
		"subdivision": "metropolitan district"
	},
	{
		"name": "Northern Ireland",
		"code": "GB-NIR",
		"subdivision": "province"
	},
	{
		"name": "Buckinghamshire",
		"code": "GB-BKM",
		"subdivision": "two-tier county"
	},
	{
		"name": "Cambridgeshire",
		"code": "GB-CAM",
		"subdivision": "two-tier county"
	},
	{
		"name": "Cumbria",
		"code": "GB-CMA",
		"subdivision": "two-tier county"
	},
	{
		"name": "Derbyshire",
		"code": "GB-DBY",
		"subdivision": "two-tier county"
	},
	{
		"name": "Devon",
		"code": "GB-DEV",
		"subdivision": "two-tier county"
	},
	{
		"name": "Dorset",
		"code": "GB-DOR",
		"subdivision": "two-tier county"
	},
	{
		"name": "East Sussex",
		"code": "GB-ESX",
		"subdivision": "two-tier county"
	},
	{
		"name": "Essex",
		"code": "GB-ESS",
		"subdivision": "two-tier county"
	},
	{
		"name": "Gloucestershire",
		"code": "GB-GLS",
		"subdivision": "two-tier county"
	},
	{
		"name": "Hampshire",
		"code": "GB-HAM",
		"subdivision": "two-tier county"
	},
	{
		"name": "Hertfordshire",
		"code": "GB-HRT",
		"subdivision": "two-tier county"
	},
	{
		"name": "Kent",
		"code": "GB-KEN",
		"subdivision": "two-tier county"
	},
	{
		"name": "Lancashire",
		"code": "GB-LAN",
		"subdivision": "two-tier county"
	},
	{
		"name": "Leicestershire",
		"code": "GB-LEC",
		"subdivision": "two-tier county"
	},
	{
		"name": "Lincolnshire",
		"code": "GB-LIN",
		"subdivision": "two-tier county"
	},
	{
		"name": "Norfolk",
		"code": "GB-NFK",
		"subdivision": "two-tier county"
	},
	{
		"name": "North Yorkshire",
		"code": "GB-NYK",
		"subdivision": "two-tier county"
	},
	{
		"name": "Northamptonshire",
		"code": "GB-NTH",
		"subdivision": "two-tier county"
	},
	{
		"name": "Nottinghamshire",
		"code": "GB-NTT",
		"subdivision": "two-tier county"
	},
	{
		"name": "Oxfordshire",
		"code": "GB-OXF",
		"subdivision": "two-tier county"
	},
	{
		"name": "Somerset",
		"code": "GB-SOM",
		"subdivision": "two-tier county"
	},
	{
		"name": "Staffordshire",
		"code": "GB-STS",
		"subdivision": "two-tier county"
	},
	{
		"name": "Suffolk",
		"code": "GB-SFK",
		"subdivision": "two-tier county"
	},
	{
		"name": "Surrey",
		"code": "GB-SRY",
		"subdivision": "two-tier county"
	},
	{
		"name": "Warwickshire",
		"code": "GB-WAR",
		"subdivision": "two-tier county"
	},
	{
		"name": "West Sussex",
		"code": "GB-WSX",
		"subdivision": "two-tier county"
	},
	{
		"name": "Worcestershire",
		"code": "GB-WOR",
		"subdivision": "two-tier county"
	},
	{
		"name": "Bath and North East Somerset",
		"code": "GB-BAS",
		"subdivision": "unitary authority"
	},
	{
		"name": "Bedford",
		"code": "GB-BDF",
		"subdivision": "unitary authority"
	},
	{
		"name": "Blackburn with Darwen",
		"code": "GB-BBD",
		"subdivision": "unitary authority"
	},
	{
		"name": "Blackpool",
		"code": "GB-BPL",
		"subdivision": "unitary authority"
	},
	{
		"name": "Blaenau Gwent",
		"code": "GB-BGW",
		"subdivision": "unitary authority"
	},
	{
		"name": "Bournemouth",
		"code": "GB-BMH",
		"subdivision": "unitary authority"
	},
	{
		"name": "Bracknell Forest",
		"code": "GB-BRC",
		"subdivision": "unitary authority"
	},
	{
		"name": "Bridgend",
		"code": "GB-BGE",
		"subdivision": "unitary authority"
	},
	{
		"name": "Brighton and Hove",
		"code": "GB-BNH",
		"subdivision": "unitary authority"
	},
	{
		"name": "Bristol, City of",
		"code": "GB-BST",
		"subdivision": "unitary authority"
	},
	{
		"name": "Caerphilly",
		"code": "GB-CAY",
		"subdivision": "unitary authority"
	},
	{
		"name": "Cardiff",
		"code": "GB-CRF",
		"subdivision": "unitary authority"
	},
	{
		"name": "Carmarthenshire",
		"code": "GB-CMN",
		"subdivision": "unitary authority"
	},
	{
		"name": "Central Bedfordshire",
		"code": "GB-CBF",
		"subdivision": "unitary authority"
	},
	{
		"name": "Ceredigion",
		"code": "GB-CGN",
		"subdivision": "unitary authority"
	},
	{
		"name": "Cheshire East",
		"code": "GB-CHE",
		"subdivision": "unitary authority"
	},
	{
		"name": "Cheshire West and Chester",
		"code": "GB-CHW",
		"subdivision": "unitary authority"
	},
	{
		"name": "Conwy",
		"code": "GB-CWY",
		"subdivision": "unitary authority"
	},
	{
		"name": "Cornwall",
		"code": "GB-CON",
		"subdivision": "unitary authority"
	},
	{
		"name": "Darlington",
		"code": "GB-DAL",
		"subdivision": "unitary authority"
	},
	{
		"name": "Denbighshire",
		"code": "GB-DEN",
		"subdivision": "unitary authority"
	},
	{
		"name": "Derby",
		"code": "GB-DER",
		"subdivision": "unitary authority"
	},
	{
		"name": "Durham, County",
		"code": "GB-DUR",
		"subdivision": "unitary authority"
	},
	{
		"name": "East Riding of Yorkshire",
		"code": "GB-ERY",
		"subdivision": "unitary authority"
	},
	{
		"name": "Flintshire",
		"code": "GB-FLN",
		"subdivision": "unitary authority"
	},
	{
		"name": "Gwynedd",
		"code": "GB-GWN",
		"subdivision": "unitary authority"
	},
	{
		"name": "Halton",
		"code": "GB-HAL",
		"subdivision": "unitary authority"
	},
	{
		"name": "Hartlepool",
		"code": "GB-HPL",
		"subdivision": "unitary authority"
	},
	{
		"name": "Herefordshire",
		"code": "GB-HEF",
		"subdivision": "unitary authority"
	},
	{
		"name": "Isle of Anglesey",
		"code": "GB-AGY",
		"subdivision": "unitary authority"
	},
	{
		"name": "Isle of Wight",
		"code": "GB-IOW",
		"subdivision": "unitary authority"
	},
	{
		"name": "Isles of Scilly",
		"code": "GB-IOS",
		"subdivision": "unitary authority"
	},
	{
		"name": "Kingston upon Hull",
		"code": "GB-KHL",
		"subdivision": "unitary authority"
	},
	{
		"name": "Leicester",
		"code": "GB-LCE",
		"subdivision": "unitary authority"
	},
	{
		"name": "Luton",
		"code": "GB-LUT",
		"subdivision": "unitary authority"
	},
	{
		"name": "Medway",
		"code": "GB-MDW",
		"subdivision": "unitary authority"
	},
	{
		"name": "Merthyr Tydfil",
		"code": "GB-MTY",
		"subdivision": "unitary authority"
	},
	{
		"name": "Middlesbrough",
		"code": "GB-MDB",
		"subdivision": "unitary authority"
	},
	{
		"name": "Milton Keynes",
		"code": "GB-MIK",
		"subdivision": "unitary authority"
	},
	{
		"name": "Monmouthshire",
		"code": "GB-MON",
		"subdivision": "unitary authority"
	},
	{
		"name": "Neath Port Talbot",
		"code": "GB-NTL",
		"subdivision": "unitary authority"
	},
	{
		"name": "Newport",
		"code": "GB-NWP",
		"subdivision": "unitary authority"
	},
	{
		"name": "North East Lincolnshire",
		"code": "GB-NEL",
		"subdivision": "unitary authority"
	},
	{
		"name": "North Lincolnshire",
		"code": "GB-NLN",
		"subdivision": "unitary authority"
	},
	{
		"name": "North Somerset",
		"code": "GB-NSM",
		"subdivision": "unitary authority"
	},
	{
		"name": "Northumberland",
		"code": "GB-NBL",
		"subdivision": "unitary authority"
	},
	{
		"name": "Nottingham",
		"code": "GB-NGM",
		"subdivision": "unitary authority"
	},
	{
		"name": "Pembrokeshire",
		"code": "GB-PEM",
		"subdivision": "unitary authority"
	},
	{
		"name": "Peterborough",
		"code": "GB-PTE",
		"subdivision": "unitary authority"
	},
	{
		"name": "Plymouth",
		"code": "GB-PLY",
		"subdivision": "unitary authority"
	},
	{
		"name": "Poole",
		"code": "GB-POL",
		"subdivision": "unitary authority"
	},
	{
		"name": "Portsmouth",
		"code": "GB-POR",
		"subdivision": "unitary authority"
	},
	{
		"name": "Powys",
		"code": "GB-POW",
		"subdivision": "unitary authority"
	},
	{
		"name": "Reading",
		"code": "GB-RDG",
		"subdivision": "unitary authority"
	},
	{
		"name": "Redcar and Cleveland",
		"code": "GB-RCC",
		"subdivision": "unitary authority"
	},
	{
		"name": "Rhondda, Cynon, Taff",
		"code": "GB-RCT",
		"subdivision": "unitary authority"
	},
	{
		"name": "Rutland",
		"code": "GB-RUT",
		"subdivision": "unitary authority"
	},
	{
		"name": "Shropshire",
		"code": "GB-SHR",
		"subdivision": "unitary authority"
	},
	{
		"name": "Slough",
		"code": "GB-SLG",
		"subdivision": "unitary authority"
	},
	{
		"name": "South Gloucestershire",
		"code": "GB-SGC",
		"subdivision": "unitary authority"
	},
	{
		"name": "Southampton",
		"code": "GB-STH",
		"subdivision": "unitary authority"
	},
	{
		"name": "Southend-on-Sea",
		"code": "GB-SOS",
		"subdivision": "unitary authority"
	},
	{
		"name": "Stockton-on-Tees",
		"code": "GB-STT",
		"subdivision": "unitary authority"
	},
	{
		"name": "Stoke-on-Trent",
		"code": "GB-STE",
		"subdivision": "unitary authority"
	},
	{
		"name": "Swansea",
		"code": "GB-SWA",
		"subdivision": "unitary authority"
	},
	{
		"name": "Swindon",
		"code": "GB-SWD",
		"subdivision": "unitary authority"
	},
	{
		"name": "Telford and Wrekin",
		"code": "GB-TFW",
		"subdivision": "unitary authority"
	},
	{
		"name": "Thurrock",
		"code": "GB-THR",
		"subdivision": "unitary authority"
	},
	{
		"name": "Torbay",
		"code": "GB-TOB",
		"subdivision": "unitary authority"
	},
	{
		"name": "Torfaen",
		"code": "GB-TOF",
		"subdivision": "unitary authority"
	},
	{
		"name": "Vale of Glamorgan, The",
		"code": "GB-VGL",
		"subdivision": "unitary authority"
	},
	{
		"name": "Warrington",
		"code": "GB-WRT",
		"subdivision": "unitary authority"
	},
	{
		"name": "West Berkshire",
		"code": "GB-WBK",
		"subdivision": "unitary authority"
	},
	{
		"name": "Wiltshire",
		"code": "GB-WIL",
		"subdivision": "unitary authority"
	},
	{
		"name": "Windsor and Maidenhead",
		"code": "GB-WNM",
		"subdivision": "unitary authority"
	},
	{
		"name": "Wokingham",
		"code": "GB-WOK",
		"subdivision": "unitary authority"
	},
	{
		"name": "Wrexham",
		"code": "GB-WRX",
		"subdivision": "unitary authority"
	},
	{
		"name": "York",
		"code": "GB-YOR",
		"subdivision": "unitary authority"
	}
]