[
	{
		"name": "'Adan",
		"code": "YE-AD"
	},
	{
		"name": "'Amrān",
		"code": "YE-AM"
	},
	{
		"name": "Abyān",
		"code": "YE-AB"
	},
	{
		"name": "Al Bayḑā'",
		"code": "YE-BA"
	},
	{
		"name": "Al Jawf",
		"code": "YE-JA"
	},
	{
		"name": "Al Mahrah",
		"code": "YE-MR"
	},
	{
		"name": "Al Maḩwīt",
		"code": "YE-MW"
	},
	{
		"name": "Al Ḩudaydah",
		"code": "YE-HU"
	},
	{
		"name": "Aḑ Ḑāli'",
		"code": "YE-DA"
	},
	{
		"name": "Dhamār",
		"code": "YE-DH"
	},
	{
		"name": "Ibb",
		"code": "YE-IB"
	},
	{
		"name": "Laḩij",
		"code": "YE-LA"
	},
	{
		"name": "Ma'rib",
		"code": "YE-MA"
	},
	{
		"name": "Raymah",
		"code": "YE-RA"
	},
	{
		"name": "Shabwah",
		"code": "YE-SH"
	},
	{
		"name": "Tā‘izz",
		"code": "YE-TA"
	},
	{
		"name": "Şan‘ā'",
		"code": "YE-SA"
	},
	{
		"name": "Şan‘ā'",
		"code": "YE-SN"
	},
	{
		"name": "Şā‘dah",
		"code": "YE-SD"
	},
	{
		"name": "Ḩajjah",
		"code": "YE-HJ"
	},
	{
		"name": "Ḩaḑramawt",
		"code": "YE-HD"
	}
]